Day,Date,Number,Price,Revenue
0,2021-01-01,6.6569,45.85,305.2268
1,2021-01-02,3.4387,44.23,152.0973
2,2021-01-03,7.0928,46.07,326.7719
3,2021-01-04,4.9263,44.98,221.5848
4,2021-01-05,2.5938,43.81,113.6255
5,2021-01-06,1.1519,43.08,49.6249
6,2021-01-07,2.7625,43.89,121.2502
7,2021-01-08,5.0625,45.05,228.0574
8,2021-01-09,2.3662,43.69,103.3826
9,2021-01-10,1.9924,43.5,86.6749
10,2021-01-11,2.6432,43.83,115.8555
11,2021-01-12,2.1226,43.57,92.4786
12,2021-01-13,2.0827,43.55,90.6975
13,2021-01-14,3.3846,44.2,149.6145
14,2021-01-15,3.3416,44.18,147.6378
15,2021-01-16,3.3533,44.19,148.1751
16,2021-01-17,3.6742,44.35,162.9512
17,2021-01-18,2.6129,43.82,114.4872
18,2021-01-19,0.8826,42.94,37.9046
19,2021-01-20,3.422,44.22,151.3315
20,2021-01-21,4.2438,44.64,189.4274
21,2021-01-22,3.8325,44.43,170.2763
22,2021-01-23,5.3007,45.17,239.424
23,2021-01-24,3.2053,44.11,141.3992
24,2021-01-25,3.7193,44.37,165.0345
25,2021-01-26,0.8746,42.94,37.5535
26,2021-01-27,1.8596,43.44,80.7733
27,2021-01-28,1.2422,43.13,53.5703
28,2021-01-29,2.7268,43.87,119.6318
29,2021-01-30,3.4993,44.26,154.8829
30,2021-01-31,2.8746,43.95,126.3295
31,2021-02-01,2.5683,43.79,112.4754
32,2021-02-02,3.8659,44.45,171.8263
33,2021-02-03,2.2405,43.63,97.7481
34,2021-02-04,2.0166,43.52,87.7533
35,2021-02-05,3.6213,44.32,160.5086
36,2021-02-06,4.4167,44.72,197.5322
37,2021-02-07,3.0804,44.05,135.693
38,2021-02-08,3.837,44.43,170.4867
39,2021-02-09,4.2336,44.63,188.9525
40,2021-02-10,3.9374,44.48,175.1468
41,2021-02-11,1.9123,43.46,83.1143
42,2021-02-12,3.9964,44.51,177.8872
43,2021-02-13,2.6479,43.83,116.0666
44,2021-02-14,2.2519,43.63,98.2573
45,2021-02-15,5.0549,45.04,227.6989
46,2021-02-16,2.4097,43.71,105.3351
47,2021-02-17,0.4221,42.71,18.0294
48,2021-02-18,1.175,43.09,50.6346
49,2021-02-19,2.3847,43.7,104.2127
50,2021-02-20,3.5583,44.29,157.6025
51,2021-02-21,2.5723,43.8,112.6558
52,2021-02-22,4.144,44.59,184.765
53,2021-02-23,1.6012,43.31,69.3401
54,2021-02-24,4.0967,44.56,182.5591
55,2021-02-25,1.1649,43.09,50.1914
56,2021-02-26,4.6502,44.84,208.5184
57,2021-02-27,4.3197,44.67,192.9821
58,2021-02-28,4.7126,44.87,211.4681
59,2021-03-01,3.2269,44.12,142.3835
60,2021-03-02,1.4694,43.24,63.5368
61,2021-03-03,2.7483,43.88,120.607
62,2021-03-04,2.7114,43.87,118.9357
63,2021-03-05,2.5849,43.8,113.2213
64,2021-03-06,4.423,44.73,197.8264
65,2021-03-07,4.3798,44.71,195.7972
66,2021-03-08,6.2898,45.67,287.2322
67,2021-03-09,2.6608,43.84,116.6464
68,2021-03-10,1.3669,43.19,59.0328
69,2021-03-11,4.4091,44.72,197.1728
70,2021-03-12,4.1615,44.6,185.5809
71,2021-03-13,5.7688,45.4,261.9308
72,2021-03-14,3.2202,44.12,142.0793
73,2021-03-15,3.3508,44.19,148.0612
74,2021-03-16,3.225,44.12,142.2969
75,2021-03-17,1.0088,43.01,43.3862
76,2021-03-18,3.0796,44.05,135.6555
77,2021-03-19,4.698,44.87,210.779
78,2021-03-20,5.1749,45.11,233.4149
79,2021-03-21,4.423,44.73,197.8251
80,2021-03-22,5.6675,45.35,257.042
81,2021-03-23,1.757,43.38,76.2271
82,2021-03-24,5.4757,45.26,247.8117
83,2021-03-25,1.2732,43.14,54.9273
84,2021-03-26,5.6235,45.33,254.9187
85,2021-03-27,7.2952,46.17,336.8389
86,2021-03-28,5.0249,45.03,226.2724
87,2021-03-29,6.0929,45.57,277.6384
88,2021-03-30,5.6339,45.34,255.4203
89,2021-03-31,2.1603,43.59,94.1602
90,2021-04-01,4.2232,44.63,188.4669
91,2021-04-02,1.9181,43.47,83.372
92,2021-04-03,3.8701,44.45,172.0198
93,2021-04-04,3.9051,44.47,173.6453
94,2021-04-05,3.7059,44.37,164.4146
95,2021-04-06,4.1034,44.57,182.8728
96,2021-04-07,2.7797,43.9,122.0277
97,2021-04-08,6.3569,45.7,290.5149
98,2021-04-09,3.8329,44.43,170.2928
99,2021-04-10,4.6994,44.87,210.8437
100,2021-04-11,5.4471,45.24,246.4385
101,2021-04-12,4.6175,44.82,206.9788
102,2021-04-13,4.3788,44.7,195.7531
103,2021-04-14,1.6347,43.32,70.8206
104,2021-04-15,5.1167,45.08,230.6415
105,2021-04-16,6.2583,45.65,285.6986
106,2021-04-17,4.0771,44.55,181.6464
107,2021-04-18,5.6885,45.36,258.0527
108,2021-04-19,3.3782,44.2,149.32
109,2021-04-20,1.6324,43.32,70.7182
110,2021-04-21,5.1358,45.09,231.5524
111,2021-04-22,4.0538,44.54,180.5616
112,2021-04-23,4.7746,44.9,214.3978
113,2021-04-24,4.7852,44.91,214.9002
114,2021-04-25,3.1156,44.07,137.2998
115,2021-04-26,4.5727,44.8,204.867
116,2021-04-27,2.7791,43.9,122.0001
117,2021-04-28,3.5037,44.26,155.0876
118,2021-04-29,4.1984,44.61,187.3051
119,2021-04-30,4.5565,44.79,204.102
120,2021-05-01,4.8309,44.93,217.0605
121,2021-05-02,3.3501,44.19,148.0291
122,2021-05-03,3.1033,44.06,136.7376
123,2021-05-04,5.9753,45.51,271.9254
124,2021-05-05,2.5917,43.8,113.5275
125,2021-05-06,3.8571,44.44,171.4186
126,2021-05-07,6.7907,45.92,311.8222
127,2021-05-08,6.2606,45.65,285.8077
128,2021-05-09,5.2761,45.16,238.2477
129,2021-05-10,7.2313,46.14,333.6564
130,2021-05-11,5.1798,45.11,233.6509
131,2021-05-12,0.7555,42.88,32.3979
132,2021-05-13,5.1608,45.1,232.7432
133,2021-05-14,3.1369,44.08,138.2727
134,2021-05-15,3.7015,44.36,164.2111
135,2021-05-16,5.2479,45.14,236.8997
136,2021-05-17,2.1784,43.6,94.9719
137,2021-05-18,3.4348,44.23,151.9182
138,2021-05-19,0.0034,42.5,0.145
139,2021-05-20,3.8163,44.42,169.5258
140,2021-05-21,4.7669,44.9,214.0347
141,2021-05-22,7.4184,46.23,342.986
142,2021-05-23,6.4049,45.72,292.8607
143,2021-05-24,4.0569,44.54,180.7055
144,2021-05-25,1.2022,43.11,51.8193
145,2021-05-26,2.1219,43.57,92.4494
146,2021-05-27,2.9208,43.97,128.431
147,2021-05-28,3.2925,44.16,145.3893
148,2021-05-29,5.4009,45.22,244.2245
149,2021-05-30,5.7966,45.42,263.2739
150,2021-05-31,3.7177,44.37,164.9621
151,2021-06-01,2.4519,43.73,107.231
152,2021-06-02,4.2737,44.65,190.8258
153,2021-06-03,3.5225,44.27,155.9515
154,2021-06-04,8.8304,46.95,414.5484
155,2021-06-05,3.2545,44.14,143.6492
156,2021-06-06,5.0671,45.05,228.2805
157,2021-06-07,6.4287,45.74,294.0244
158,2021-06-08,5.5933,45.32,253.4649
159,2021-06-09,5.0014,45.02,225.1508
160,2021-06-10,4.2727,44.65,190.7831
161,2021-06-11,3.7942,44.41,168.5026
162,2021-06-12,5.249,45.14,236.9545
163,2021-06-13,9.088,47.08,427.823
164,2021-06-14,0.7548,42.88,32.3649
165,2021-06-15,1.5587,43.28,67.4674
166,2021-06-16,4.4646,44.75,199.7803
167,2021-06-17,5.4615,45.25,247.1322
168,2021-06-18,6.2503,45.65,285.3081
169,2021-06-19,5.1406,45.09,231.7789
170,2021-06-20,5.4119,45.22,244.7515
171,2021-06-21,3.8684,44.45,171.9418
172,2021-06-22,3.2856,44.15,145.0726
173,2021-06-23,2.3571,43.69,102.9723
174,2021-06-24,5.4406,45.24,246.1271
175,2021-06-25,5.3466,45.19,241.6199
176,2021-06-26,7.1797,46.11,331.0903
177,2021-06-27,4.7744,44.9,214.3903
178,2021-06-28,3.9529,44.49,175.8657
179,2021-06-29,4.0365,44.53,179.7554
180,2021-06-30,4.4819,44.76,200.592
181,2021-07-01,4.6808,44.86,209.9635
182,2021-07-02,6.7211,45.88,308.3907
183,2021-07-03,5.3179,45.18,240.247
184,2021-07-04,7.8936,46.47,366.8458
185,2021-07-05,3.7302,44.38,165.5367
186,2021-07-06,2.2652,43.64,98.8543
187,2021-07-07,3.5467,44.29,157.0686
188,2021-07-08,5.5526,45.3,251.5053
189,2021-07-09,4.9854,45.01,224.3924
190,2021-07-10,8.481,46.77,396.6555
191,2021-07-11,4.9277,44.98,221.6515
192,2021-07-12,4.8366,44.93,217.3312
193,2021-07-13,5.7751,45.41,262.2318
194,2021-07-14,5.6061,45.32,254.0803
195,2021-07-15,7.0327,46.04,323.7893
196,2021-07-16,5.3272,45.18,240.6951
197,2021-07-17,7.7369,46.4,358.9535
198,2021-07-18,6.826,45.94,313.5652
199,2021-07-19,5.2818,45.16,238.5232
200,2021-07-20,5.2079,45.12,234.9894
201,2021-07-21,4.7518,44.89,213.317
202,2021-07-22,5.8147,45.43,264.1488
203,2021-07-23,4.6308,44.83,207.607
204,2021-07-24,4.8377,44.94,217.3826
205,2021-07-25,6.2734,45.66,286.432
206,2021-07-26,7.5197,46.29,348.053
207,2021-07-27,5.7853,45.41,262.7257
208,2021-07-28,4.8729,44.95,219.0522
209,2021-07-29,4.5217,44.78,202.464
210,2021-07-30,8.3412,46.7,389.5283
211,2021-07-31,3.2665,44.14,144.1986
212,2021-08-01,6.4462,45.75,294.8855
213,2021-08-02,4.7089,44.87,211.2932
214,2021-08-03,4.2832,44.66,191.2743
215,2021-08-04,5.5018,45.27,249.0671
216,2021-08-05,5.1582,45.1,232.6187
217,2021-08-06,6.9913,46.02,321.739
218,2021-08-07,6.2893,45.67,287.2073
219,2021-08-08,3.4127,44.22,150.904
220,2021-08-09,5.9975,45.52,273.002
221,2021-08-10,6.03,45.54,274.5806
222,2021-08-11,3.3159,44.17,146.4633
223,2021-08-12,5.7513,45.4,261.0827
224,2021-08-13,8.5284,46.79,399.073
225,2021-08-14,6.2501,45.65,285.2982
226,2021-08-15,6.3069,45.68,288.0697
227,2021-08-16,7.3155,46.18,337.8513
228,2021-08-17,3.6694,44.35,162.7303
229,2021-08-18,7.2686,46.16,335.5161
230,2021-08-19,4.6942,44.86,210.5954
231,2021-08-20,7.2964,46.17,336.8976
232,2021-08-21,8.0606,46.56,375.2841
233,2021-08-22,6.632,45.84,304.0014
234,2021-08-23,4.8748,44.95,219.1425
235,2021-08-24,6.7981,45.92,312.184
236,2021-08-25,3.8949,44.46,173.1722
237,2021-08-26,6.8616,45.95,315.3221
238,2021-08-27,5.2577,45.15,237.3676
239,2021-08-28,7.5552,46.3,349.8327
240,2021-08-29,10.3944,47.73,496.1592
241,2021-08-30,5.8135,45.43,264.0905
242,2021-08-31,5.5184,45.28,249.8622
243,2021-09-01,2.5342,43.78,110.9353
244,2021-09-02,5.4197,45.23,245.1261
245,2021-09-03,8.4877,46.77,396.9974
246,2021-09-04,7.2699,46.16,335.5779
247,2021-09-05,4.3606,44.7,194.8965
248,2021-09-06,4.6108,44.82,206.6627
249,2021-09-07,6.91,45.98,317.7132
250,2021-09-08,5.7996,45.42,263.4155
251,2021-09-09,4.4525,44.74,199.2122
252,2021-09-10,5.0754,45.06,228.6717
253,2021-09-11,4.0142,44.52,178.7172
254,2021-09-12,5.5357,45.29,250.6937
255,2021-09-13,6.7367,45.89,309.159
256,2021-09-14,6.2913,45.67,287.3057
257,2021-09-15,4.6734,44.85,209.616
258,2021-09-16,6.1018,45.57,278.0734
259,2021-09-17,6.6673,45.86,305.7387
260,2021-09-18,7.2198,46.13,333.0856
261,2021-09-19,7.9263,46.49,368.4958
262,2021-09-20,4.1595,44.59,185.4875
263,2021-09-21,6.8465,45.95,314.576
264,2021-09-22,5.28,45.16,238.4339
265,2021-09-23,4.8071,44.92,215.9334
266,2021-09-24,8.9092,46.99,418.6034
267,2021-09-25,5.2343,45.14,236.2516
268,2021-09-26,7.0152,46.03,322.9214
269,2021-09-27,6.0626,45.55,276.1661
270,2021-09-28,3.5739,44.3,158.3222
271,2021-09-29,5.0625,45.05,228.0594
272,2021-09-30,3.5017,44.26,154.9947
273,2021-10-01,8.4285,46.74,393.9748
274,2021-10-02,7.5741,46.31,350.7819
275,2021-10-03,5.0111,45.02,225.6137
276,2021-10-04,5.3176,45.18,240.2361
277,2021-10-05,3.7326,44.38,165.6504
278,2021-10-06,4.243,44.64,189.3892
279,2021-10-07,7.1102,46.08,327.6334
280,2021-10-08,6.1841,45.61,282.0765
281,2021-10-09,6.7338,45.89,309.015
282,2021-10-10,6.3342,45.69,289.4029
283,2021-10-11,4.1617,44.6,185.5915
284,2021-10-12,4.9286,44.98,221.6929
285,2021-10-13,6.2926,45.67,287.3701
286,2021-10-14,6.684,45.87,306.5613
287,2021-10-15,8.513,46.79,398.2905
288,2021-10-16,8.9806,47.02,422.2819
289,2021-10-17,7.8952,46.47,366.9281
290,2021-10-18,6.6489,45.85,304.8355
291,2021-10-19,5.2877,45.16,238.8023
292,2021-10-20,5.3051,45.17,239.6355
293,2021-10-21,5.5516,45.29,251.4598
294,2021-10-22,7.1373,46.09,328.9839
295,2021-10-23,6.0488,45.55,275.496
296,2021-10-24,2.3572,43.69,102.977
297,2021-10-25,3.936,44.48,175.0814
298,2021-10-26,5.1346,45.09,231.4955
299,2021-10-27,5.058,45.05,227.8437
300,2021-10-28,4.7142,44.87,211.5423
301,2021-10-29,6.6622,45.85,305.4878
302,2021-10-30,7.0263,46.04,323.4705
303,2021-10-31,6.2043,45.62,283.0647
304,2021-11-01,6.1264,45.58,279.269
305,2021-11-02,5.7133,45.38,259.2486
306,2021-11-03,2.6662,43.84,116.8909
307,2021-11-04,5.8574,45.45,266.2145
308,2021-11-05,10.3424,47.71,493.4046
309,2021-11-06,7.1704,46.11,330.6257
310,2021-11-07,5.2336,45.13,236.2174
311,2021-11-08,6.1276,45.58,279.3283
312,2021-11-09,3.035,44.03,133.624
313,2021-11-10,5.7002,45.37,258.6147
314,2021-11-11,7.2624,46.16,335.2034
315,2021-11-12,7.9262,46.49,368.4935
316,2021-11-13,9.689,47.38,459.0433
317,2021-11-14,9.007,47.03,423.6387
318,2021-11-15,5.02,45.03,226.0374
319,2021-11-16,2.7264,43.87,119.616
320,2021-11-17,3.3166,44.17,146.494
321,2021-11-18,5.8735,45.46,266.992
322,2021-11-19,6.0423,45.54,275.1767
323,2021-11-20,6.8585,45.95,315.1685
324,2021-11-21,4.984,45.01,224.3252
325,2021-11-22,7.1185,46.08,328.0462
326,2021-11-23,5.398,45.22,244.0836
327,2021-11-24,6.1657,45.6,281.1795
328,2021-11-25,3.3996,44.21,150.3036
329,2021-11-26,7.8508,46.45,364.6885
330,2021-11-27,9.0285,47.05,424.7507
331,2021-11-28,6.7483,45.9,309.7291
332,2021-11-29,8.7677,46.91,411.3273
333,2021-11-30,6.1756,45.61,281.6659
334,2021-12-01,7.049,46.05,324.5973
335,2021-12-02,5.3316,45.18,240.9047
336,2021-12-03,7.2288,46.14,333.5309
337,2021-12-04,8.0888,46.57,376.7151
338,2021-12-05,10.5634,47.82,505.1227
339,2021-12-06,6.7926,45.92,311.9135
340,2021-12-07,6.3984,45.72,292.5434
341,2021-12-08,8.0632,46.56,375.4164
342,2021-12-09,6.6448,45.85,304.6326
343,2021-12-10,7.6782,46.37,356.0024
344,2021-12-11,10.5458,47.81,504.1857
345,2021-12-12,7.4558,46.25,344.8588
346,2021-12-13,6.9173,45.98,318.073
347,2021-12-14,6.6182,45.83,303.3245
348,2021-12-15,4.3094,44.67,192.5005
349,2021-12-16,6.0744,45.56,276.7393
350,2021-12-17,7.3721,46.21,340.6776
351,2021-12-18,10.3405,47.71,493.3037
352,2021-12-19,6.4037,45.72,292.8035
353,2021-12-20,4.816,44.92,216.3568
354,2021-12-21,6.6064,45.83,302.7472
355,2021-12-22,6.3206,45.68,288.7397
356,2021-12-23,8.0926,46.57,376.9052
357,2021-12-24,7.7189,46.39,358.0502
358,2021-12-25,9.3467,47.21,441.2163
359,2021-12-26,7.2232,46.14,333.2524
360,2021-12-27,8.7067,46.88,408.2006
361,2021-12-28,9.1989,47.13,433.5542
362,2021-12-29,8.1931,46.62,382.002
363,2021-12-30,5.8954,45.47,268.0509
364,2021-12-31,9.8667,47.47,468.3475
365,2022-01-01,8.9228,46.99,419.3034
366,2022-01-02,9.6266,47.35,455.784
367,2022-01-03,6.9834,46.02,321.346
368,2022-01-04,6.9829,46.02,321.3204
369,2022-01-05,5.5146,45.28,249.6804
370,2022-01-06,9.6197,47.34,455.4279
371,2022-01-07,10.0307,47.55,476.9597
372,2022-01-08,10.7684,47.92,516.0352
373,2022-01-09,10.058,47.56,478.3981
374,2022-01-10,8.0744,46.57,375.9849
375,2022-01-11,7.0976,46.07,327.0085
376,2022-01-12,6.552,45.8,300.0716
377,2022-01-13,9.0673,47.06,426.7506
378,2022-01-14,8.2174,46.64,383.2345
379,2022-01-15,9.074,47.07,427.1001
380,2022-01-16,9.7481,47.41,462.1326
381,2022-01-17,7.2532,46.15,334.7487
382,2022-01-18,3.5105,44.27,155.3994
383,2022-01-19,4.6964,44.86,210.7002
384,2022-01-20,7.2077,46.13,332.4829
385,2022-01-21,5.2539,45.15,237.1856
386,2022-01-22,7.6972,46.38,356.9613
387,2022-01-23,9.3044,47.18,439.0241
388,2022-01-24,8.1245,46.59,378.5221
389,2022-01-25,5.7657,45.4,261.7787
390,2022-01-26,5.1428,45.09,231.8828
391,2022-01-27,6.0951,45.57,277.7466
392,2022-01-28,7.6402,46.35,354.0951
393,2022-01-29,7.4488,46.25,344.5074
394,2022-01-30,9.5393,47.3,451.2317
395,2022-01-31,5.9089,45.47,268.7061
396,2022-02-01,3.665,44.35,162.527
397,2022-02-02,4.999,45.02,225.041
398,2022-02-03,7.2283,46.14,333.5086
399,2022-02-04,11.1796,48.13,538.0572
400,2022-02-05,9.0657,47.06,426.6693
401,2022-02-06,7.943,46.5,369.3432
402,2022-02-07,5.5265,45.28,250.2546
403,2022-02-08,6.9893,46.02,321.638
404,2022-02-09,2.4032,43.71,105.0419
405,2022-02-10,6.0685,45.56,276.4522
406,2022-02-11,6.1895,45.62,282.3429
407,2022-02-12,9.4434,47.25,446.2415
408,2022-02-13,7.3443,46.2,339.2887
409,2022-02-14,6.1996,45.62,282.8322
410,2022-02-15,6.5088,45.78,297.9544
411,2022-02-16,6.8834,45.97,316.3981
412,2022-02-17,6.3212,45.68,288.7682
413,2022-02-18,7.2899,46.17,336.5755
414,2022-02-19,7.7571,46.41,359.9716
415,2022-02-20,9.1839,47.12,432.7808
416,2022-02-21,6.4166,45.73,293.4343
417,2022-02-22,7.4338,46.24,343.7572
418,2022-02-23,6.768,45.91,310.6996
419,2022-02-24,6.7418,45.89,309.4074
420,2022-02-25,7.9516,46.5,369.7749
421,2022-02-26,6.6932,45.87,307.0164
422,2022-02-27,6.3605,45.7,290.6888
423,2022-02-28,7.0993,46.07,327.0947
424,2022-03-01,3.4067,44.22,150.6292
425,2022-03-02,4.6809,44.86,209.9681
426,2022-03-03,6.3173,45.68,288.5786
427,2022-03-04,8.3551,46.71,390.2388
428,2022-03-05,8.1757,46.62,381.1206
429,2022-03-06,8.1427,46.6,379.4451
430,2022-03-07,6.5012,45.77,297.5814
431,2022-03-08,8.1109,46.58,377.8325
432,2022-03-09,5.5739,45.31,252.5334
433,2022-03-10,7.4172,46.23,342.9288
434,2022-03-11,7.3537,46.2,339.7554
435,2022-03-12,9.5767,47.32,453.1837
436,2022-03-13,8.7957,46.93,412.7685
437,2022-03-14,6.1945,45.62,282.5868
438,2022-03-15,6.4336,45.74,294.2671
439,2022-03-16,5.6461,45.34,256.0072
440,2022-03-17,5.6275,45.33,255.114
441,2022-03-18,6.8716,45.96,315.8141
442,2022-03-19,9.2135,47.14,434.3123
443,2022-03-20,9.0186,47.04,424.2388
444,2022-03-21,7.8597,46.46,365.1398
445,2022-03-22,7.1395,46.09,329.0916
446,2022-03-23,4.5291,44.78,202.8134
447,2022-03-24,5.6012,45.32,253.8482
448,2022-03-25,8.8135,46.94,413.6822
449,2022-03-26,7.7706,46.41,360.6514
450,2022-03-27,6.3301,45.69,289.2032
451,2022-03-28,6.228,45.64,284.2174
452,2022-03-29,6.4569,45.75,295.4087
453,2022-03-30,7.1262,46.09,328.4302
454,2022-03-31,6.9959,46.02,321.9645
455,2022-04-01,6.9896,46.02,321.6544
456,2022-04-02,10.4833,47.78,500.8694
457,2022-04-03,8.3877,46.72,391.8958
458,2022-04-04,10.555,47.81,504.6768
459,2022-04-05,5.896,45.47,268.0825
460,2022-04-06,5.875,45.46,267.0633
461,2022-04-07,6.9881,46.02,321.5821
462,2022-04-08,10.2905,47.68,490.6587
463,2022-04-09,11.0293,48.05,529.9881
464,2022-04-10,9.7954,47.43,464.6109
465,2022-04-11,7.876,46.47,365.9589
466,2022-04-12,7.2784,46.16,336.0012
467,2022-04-13,10.0236,47.55,476.5862
468,2022-04-14,7.9016,46.48,367.25
469,2022-04-15,7.6649,46.36,355.3345
470,2022-04-16,9.2271,47.15,435.0146
471,2022-04-17,9.6293,47.35,455.9255
472,2022-04-18,7.4598,46.26,345.0555
473,2022-04-19,7.9071,46.48,367.528
474,2022-04-20,7.8923,46.47,366.7821
475,2022-04-21,9.7821,47.42,463.916
476,2022-04-22,9.3472,47.21,441.2448
477,2022-04-23,9.0364,47.05,425.1557
478,2022-04-24,7.9443,46.5,369.406
479,2022-04-25,8.6872,46.87,407.1989
480,2022-04-26,7.0313,46.04,323.7224
481,2022-04-27,4.3361,44.68,193.751
482,2022-04-28,8.7108,46.89,408.408
483,2022-04-29,8.9462,47.0,420.5094
484,2022-04-30,7.0834,46.07,326.3064
485,2022-05-01,9.5337,47.3,450.94
486,2022-05-02,7.6043,46.33,352.2945
487,2022-05-03,6.5549,45.8,300.2165
488,2022-05-04,4.3918,44.71,196.3624
489,2022-05-05,9.6607,47.36,457.5666
490,2022-05-06,10.605,47.84,507.3328
491,2022-05-07,7.7777,46.42,361.0053
492,2022-05-08,7.8735,46.46,365.8323
493,2022-05-09,6.4296,45.74,294.0683
494,2022-05-10,5.452,45.24,246.6768
495,2022-05-11,7.7122,46.38,357.7122
496,2022-05-12,7.4531,46.25,344.7222
497,2022-05-13,9.619,47.34,455.3914
498,2022-05-14,9.7603,47.41,462.775
499,2022-05-15,7.866,46.46,365.457
500,2022-05-16,5.4264,45.23,245.4465
501,2022-05-17,5.7581,45.4,261.4105
502,2022-05-18,5.6604,45.35,256.6982
503,2022-05-19,6.0412,45.54,275.1249
504,2022-05-20,9.6597,47.36,457.5136
505,2022-05-21,9.2364,47.15,435.4954
506,2022-05-22,7.4186,46.23,342.9961
507,2022-05-23,6.1267,45.58,279.283
508,2022-05-24,6.4249,45.73,293.8415
509,2022-05-25,5.9161,45.48,269.057
510,2022-05-26,6.9368,45.99,319.0411
511,2022-05-27,8.1301,46.59,378.8068
512,2022-05-28,10.1753,47.62,484.5749
513,2022-05-29,8.5178,46.79,398.5318
514,2022-05-30,6.7897,45.92,311.7708
515,2022-05-31,7.4302,46.24,343.5763
516,2022-06-01,5.7829,45.41,262.6119
517,2022-06-02,5.4701,45.25,247.5449
518,2022-06-03,8.9685,47.02,421.6562
519,2022-06-04,11.8913,48.49,576.5708
520,2022-06-05,10.8,47.94,517.7215
521,2022-06-06,9.6156,47.34,455.2137
522,2022-06-07,4.9247,44.98,221.5092
523,2022-06-08,6.483,45.76,296.6876
524,2022-06-09,7.5022,46.28,347.1793
525,2022-06-10,9.6146,47.34,455.1603
526,2022-06-11,8.6984,46.88,407.7744
527,2022-06-12,8.9034,46.98,418.3029
528,2022-06-13,7.3457,46.2,339.3606
529,2022-06-14,5.5946,45.32,253.5304
530,2022-06-15,4.792,44.91,215.223
531,2022-06-16,6.4817,45.76,296.6251
532,2022-06-17,9.2877,47.18,438.1576
533,2022-06-18,8.7641,46.91,411.1432
534,2022-06-19,11.4277,48.25,551.4245
535,2022-06-20,7.8323,46.44,363.7571
536,2022-06-21,5.588,45.31,253.2114
537,2022-06-22,6.5032,45.77,297.6768
538,2022-06-23,7.982,46.52,371.309
539,2022-06-24,9.4382,47.25,445.971
540,2022-06-25,8.0314,46.54,373.8086
541,2022-06-26,9.1522,47.11,431.1385
542,2022-06-27,7.8782,46.47,366.0729
543,2022-06-28,4.3905,44.71,196.3024
544,2022-06-29,6.7922,45.92,311.8945
545,2022-06-30,7.4257,46.24,343.3524
546,2022-07-01,9.1704,47.12,432.0821
547,2022-07-02,10.676,47.87,511.1141
548,2022-07-03,9.7833,47.43,463.9774
549,2022-07-04,8.5544,46.81,400.4036
550,2022-07-05,7.2592,46.15,335.0462
551,2022-07-06,7.6488,46.35,354.5272
552,2022-07-07,9.6406,47.35,456.5172
553,2022-07-08,8.2438,46.65,384.5757
554,2022-07-09,10.0851,47.58,479.8233
555,2022-07-10,11.8532,48.47,574.4972
556,2022-07-11,6.2161,45.63,283.6353
557,2022-07-12,8.7653,46.91,411.2036
558,2022-07-13,8.3062,46.68,387.7474
559,2022-07-14,9.3521,47.21,441.4993
560,2022-07-15,9.4721,47.27,447.7327
561,2022-07-16,12.5306,48.81,611.5982
562,2022-07-17,12.3425,48.71,601.2503
563,2022-07-18,8.5563,46.81,400.4986
564,2022-07-19,8.8483,46.95,415.4718
565,2022-07-20,7.5034,46.28,347.2381
566,2022-07-21,11.5318,48.31,557.0513
567,2022-07-22,10.2358,47.65,487.7688
568,2022-07-23,17.8999,51.51,922.0537
569,2022-07-24,15.2626,50.18,765.9354
570,2022-07-25,12.2892,48.69,598.3259
571,2022-07-26,12.4681,48.78,608.1574
572,2022-07-27,8.9498,47.01,420.6901
573,2022-07-28,14.4045,49.75,716.65
574,2022-07-29,12.3786,48.73,603.2347
575,2022-07-30,17.3067,51.21,886.3304
576,2022-07-31,14.6926,49.9,733.1148
577,2022-08-01,13.1167,49.1,644.0779
578,2022-08-02,9.5048,47.29,449.4366
579,2022-08-03,10.0468,47.56,477.8092
580,2022-08-04,12.1022,48.59,588.0782
581,2022-08-05,17.0631,51.09,871.7634
582,2022-08-06,16.9047,51.01,862.3203
583,2022-08-07,14.0818,49.59,698.3072
584,2022-08-08,9.1525,47.11,431.1528
585,2022-08-09,6.8952,45.97,316.9839
586,2022-08-10,12.3628,48.72,602.3642
587,2022-08-11,9.6947,47.38,459.3418
588,2022-08-12,15.405,50.26,774.1903
589,2022-08-13,13.1615,49.13,646.5732
590,2022-08-14,12.3796,48.73,603.2873
591,2022-08-15,13.2687,49.18,652.5586
592,2022-08-16,9.3114,47.19,439.3831
593,2022-08-17,6.684,45.87,306.5643
594,2022-08-18,8.2261,46.64,383.6767
595,2022-08-19,9.3268,47.2,440.1819
596,2022-08-20,10.9406,48.01,525.2398
597,2022-08-21,8.9452,47.0,420.4576
598,2022-08-22,9.2152,47.14,434.4004
599,2022-08-23,6.7993,45.92,312.244
600,2022-08-24,8.4033,46.73,392.6912
601,2022-08-25,7.1396,46.09,329.0971
602,2022-08-26,6.455,45.75,295.3158
603,2022-08-27,5.5134,45.28,249.6239
604,2022-08-28,10.0801,47.57,479.5579
605,2022-08-29,8.4114,46.73,393.1049
606,2022-08-30,6.3581,45.7,290.5695
607,2022-08-31,9.0318,47.05,424.9178
608,2022-09-01,7.7165,46.38,357.9308
609,2022-09-02,10.6838,47.88,511.5293
610,2022-09-03,10.0216,47.55,476.4812
611,2022-09-04,7.1091,46.08,327.5792
612,2022-09-05,7.6763,46.36,355.9107
613,2022-09-06,5.9923,45.52,272.7508
614,2022-09-07,6.0999,45.57,277.9804
615,2022-09-08,6.9006,45.97,317.2486
616,2022-09-09,8.5425,46.8,399.7966
617,2022-09-10,10.4086,47.74,496.9104
618,2022-09-11,8.7429,46.9,410.0583
619,2022-09-12,8.1684,46.61,380.7506
620,2022-09-13,5.5645,45.3,252.0815
621,2022-09-14,7.4216,46.24,343.1479
622,2022-09-15,6.3114,45.68,288.2877
623,2022-09-16,8.7366,46.9,409.7336
624,2022-09-17,7.8873,46.47,366.5318
625,2022-09-18,8.7811,46.92,412.0168
626,2022-09-19,7.1072,46.08,327.4879
627,2022-09-20,6.3222,45.68,288.8175
628,2022-09-21,7.2314,46.14,333.662
629,2022-09-22,5.9312,45.49,269.7847
630,2022-09-23,8.6015,46.83,402.8136
631,2022-09-24,9.2198,47.14,434.6389
632,2022-09-25,7.1557,46.1,329.8965
633,2022-09-26,8.7047,46.88,408.0954
634,2022-09-27,5.211,45.12,235.1363
635,2022-09-28,6.5443,45.79,299.6948
636,2022-09-29,8.7395,46.9,409.8831
637,2022-09-30,8.603,46.83,402.8877
638,2022-10-01,9.1842,47.12,432.7947
639,2022-10-02,7.5799,46.32,351.073
640,2022-10-03,7.3947,46.22,341.8037
641,2022-10-04,9.4368,47.25,445.899
642,2022-10-05,7.6374,46.35,353.9564
643,2022-10-06,8.7405,46.9,409.9351
644,2022-10-07,11.2151,48.15,539.9632
645,2022-10-08,9.2841,47.17,437.9683
646,2022-10-09,9.0944,47.08,428.1528
647,2022-10-10,7.495,46.27,346.8213
648,2022-10-11,7.4382,46.24,343.9755
649,2022-10-12,6.4146,45.73,293.3378
650,2022-10-13,8.0845,46.57,376.4974
651,2022-10-14,8.8884,46.97,417.5329
652,2022-10-15,10.8451,47.96,520.1315
653,2022-10-16,7.9535,46.5,369.8724
654,2022-10-17,8.4335,46.75,394.2335
655,2022-10-18,7.0922,46.07,326.744
656,2022-10-19,7.5693,46.31,350.5399
657,2022-10-20,9.7864,47.43,464.1395
658,2022-10-21,10.1651,47.62,484.0364
659,2022-10-22,10.6097,47.84,507.5829
660,2022-10-23,9.2321,47.15,435.2725
661,2022-10-24,7.8932,46.47,366.8273
662,2022-10-25,8.1934,46.62,382.0162
663,2022-10-26,5.5957,45.32,253.5834
664,2022-10-27,8.9833,47.02,422.4205
665,2022-10-28,9.67,47.37,458.0506
666,2022-10-29,9.9833,47.53,474.4685
667,2022-10-30,9.3756,47.22,442.718
668,2022-10-31,8.2272,46.64,383.7308
669,2022-11-01,5.5768,45.31,252.6696
670,2022-11-02,7.5456,46.3,349.3516
671,2022-11-03,7.6227,46.34,353.217
672,2022-11-04,8.5568,46.81,400.5244
673,2022-11-05,10.381,47.73,495.4454
674,2022-11-06,8.7303,46.9,409.4125
675,2022-11-07,8.3499,46.7,389.9696
676,2022-11-08,6.1396,45.59,279.9115
677,2022-11-09,6.5278,45.79,298.8864
678,2022-11-10,7.347,46.2,339.4241
679,2022-11-11,7.1086,46.08,327.5583
680,2022-11-12,12.8904,48.99,631.4995
681,2022-11-13,11.49,48.28,554.7927
682,2022-11-14,7.7664,46.41,360.4365
683,2022-11-15,6.5925,45.82,302.0628
684,2022-11-16,7.4501,46.25,344.5739
685,2022-11-17,9.6526,47.36,457.1415
686,2022-11-18,9.2874,47.18,438.1426
687,2022-11-19,12.131,48.61,589.6554
688,2022-11-20,9.8813,47.47,469.1126
689,2022-11-21,9.8776,47.47,468.9166
690,2022-11-22,8.1896,46.62,381.822
691,2022-11-23,5.2585,45.15,237.4075
692,2022-11-24,7.1391,46.09,329.0715
693,2022-11-25,8.8903,46.98,417.6309
694,2022-11-26,10.0156,47.54,476.1634
695,2022-11-27,10.9907,48.03,527.9173
696,2022-11-28,9.1784,47.12,432.4923
697,2022-11-29,6.7322,45.89,308.9372
698,2022-11-30,8.2266,46.64,383.704
699,2022-12-01,7.2929,46.17,336.7235
700,2022-12-02,9.2381,47.15,435.5831
701,2022-12-03,11.0155,48.05,529.2505
702,2022-12-04,9.586,47.33,453.6661
703,2022-12-05,8.9246,46.99,419.3949
704,2022-12-06,6.0472,45.54,275.4189
705,2022-12-07,8.747,46.9,410.2658
706,2022-12-08,6.0558,45.55,275.8337
707,2022-12-09,7.9688,46.51,370.642
708,2022-12-10,9.4781,47.27,448.0456
709,2022-12-11,9.5593,47.31,452.2757
710,2022-12-12,6.9707,46.01,320.7183
711,2022-12-13,7.5097,46.28,347.5571
712,2022-12-14,4.311,44.67,192.5737
713,2022-12-15,7.0297,46.04,323.6392
714,2022-12-16,10.6284,47.85,508.5759
715,2022-12-17,10.6105,47.84,507.6287
716,2022-12-18,9.8401,47.45,466.9548
717,2022-12-19,9.0707,47.07,426.9299
718,2022-12-20,4.0361,44.53,179.7341
719,2022-12-21,5.5334,45.29,250.5834
720,2022-12-22,10.2353,47.65,487.7404
721,2022-12-23,11.6841,48.38,565.3027
722,2022-12-24,11.5817,48.33,559.7547
723,2022-12-25,9.8704,47.47,468.5404
724,2022-12-26,10.0628,47.57,478.6467
725,2022-12-27,9.5229,47.29,450.3776
726,2022-12-28,6.7433,45.89,309.4848
727,2022-12-29,11.3927,48.24,549.5334
728,2022-12-30,12.6327,48.86,617.2317
729,2022-12-31,16.0639,50.59,812.6331
730,2023-01-01,14.9521,50.03,748.0178
731,2023-01-02,12.2058,48.65,593.7526
732,2023-01-03,9.1838,47.12,432.7756
733,2023-01-04,10.4914,47.78,501.2979
734,2023-01-05,13.3999,49.25,659.8965
735,2023-01-06,13.7765,49.44,681.0528
736,2023-01-07,15.6075,50.36,785.9594
737,2023-01-08,12.7807,48.93,625.4196
738,2023-01-09,12.5199,48.8,611.0127
739,2023-01-10,7.2317,46.14,333.6775
740,2023-01-11,9.6356,47.35,456.256
741,2023-01-12,10.0992,47.58,480.5652
742,2023-01-13,11.9678,48.53,580.7398
743,2023-01-14,14.638,49.87,729.9886
744,2023-01-15,9.9511,47.51,472.778
745,2023-01-16,8.9185,46.99,419.0784
746,2023-01-17,10.7325,47.9,514.1231
747,2023-01-18,7.5624,46.31,350.1957
748,2023-01-19,7.807,46.43,362.4832
749,2023-01-20,11.8732,48.48,575.583
750,2023-01-21,10.5864,47.83,506.3424
751,2023-01-22,11.0953,48.09,533.5296
752,2023-01-23,10.5031,47.79,501.9195
753,2023-01-24,8.4111,46.73,393.0887
754,2023-01-25,6.104,45.57,278.1779
755,2023-01-26,9.8305,47.45,466.4469
756,2023-01-27,12.2969,48.69,598.746
757,2023-01-28,11.9988,48.54,582.4293
758,2023-01-29,10.9352,48.01,524.9501
759,2023-01-30,7.6993,46.38,357.0632
760,2023-01-31,5.0849,45.06,229.1247
761,2023-02-01,7.2643,46.16,335.2981
762,2023-02-02,8.2596,46.66,385.3815
763,2023-02-03,8.8044,46.93,413.2156
764,2023-02-04,10.1132,47.59,481.3031
765,2023-02-05,9.5909,47.33,453.9244
766,2023-02-06,7.1718,46.11,330.694
767,2023-02-07,6.8261,45.94,313.5699
768,2023-02-08,5.7714,45.41,262.0519
769,2023-02-09,6.6071,45.83,302.7801
770,2023-02-10,10.8425,47.96,519.9902
771,2023-02-11,8.9377,47.0,420.0718
772,2023-02-12,8.0313,46.54,373.8038
773,2023-02-13,8.2941,46.68,387.1347
774,2023-02-14,7.9198,46.49,368.1684
775,2023-02-15,5.408,45.22,244.5652
776,2023-02-16,9.6367,47.35,456.3135
777,2023-02-17,8.3751,46.72,391.253
778,2023-02-18,9.3382,47.2,440.7735
779,2023-02-19,11.3788,48.23,548.7822
780,2023-02-20,7.146,46.1,329.4152
781,2023-02-21,8.5919,46.83,402.3226
782,2023-02-22,8.7399,46.9,409.9003
783,2023-02-23,9.208,47.14,434.025
784,2023-02-24,11.0728,48.07,532.3209
785,2023-02-25,12.6866,48.89,620.2127
786,2023-02-26,8.8087,46.93,413.4318
787,2023-02-27,9.1923,47.13,433.2138
788,2023-02-28,5.6481,45.34,256.1064
789,2023-03-01,9.6178,47.34,455.3277
790,2023-03-02,9.1353,47.1,430.2678
791,2023-03-03,9.8301,47.45,466.428
792,2023-03-04,11.5067,48.29,555.6959
793,2023-03-05,11.656,48.37,563.7816
794,2023-03-06,8.5986,46.83,402.6656
795,2023-03-07,7.3365,46.19,338.9006
796,2023-03-08,5.9858,45.51,272.4333
797,2023-03-09,9.3537,47.21,441.5784
798,2023-03-10,8.3576,46.71,390.3652
799,2023-03-11,11.3765,48.23,548.658
800,2023-03-12,10.7894,47.93,517.1552
801,2023-03-13,10.5008,47.79,501.7977
802,2023-03-14,6.0484,45.55,275.4771
803,2023-03-15,8.5849,46.82,401.9606
804,2023-03-16,5.8726,45.46,266.946
805,2023-03-17,11.9951,48.54,582.2271
806,2023-03-18,10.591,47.83,506.5895
807,2023-03-19,9.144,47.1,430.7125
808,2023-03-20,8.1425,46.6,379.4372
809,2023-03-21,6.2243,45.63,284.0379
810,2023-03-22,5.8596,45.45,266.3167
811,2023-03-23,8.0993,46.58,377.2476
812,2023-03-24,11.1229,48.1,535.0104
813,2023-03-25,14.1335,49.62,701.2416
814,2023-03-26,11.5099,48.29,555.8673
815,2023-03-27,10.7266,47.9,513.8058
816,2023-03-28,8.984,47.02,422.4528
817,2023-03-29,8.3602,46.71,390.4968
818,2023-03-30,8.1926,46.62,381.9764
819,2023-03-31,10.9958,48.04,528.1927
820,2023-04-01,12.0969,48.59,587.7926
821,2023-04-02,13.771,49.43,680.7411
822,2023-04-03,11.8922,48.49,576.6183
823,2023-04-04,6.9449,46.0,319.4418
824,2023-04-05,12.3236,48.7,600.2127
825,2023-04-06,10.7282,47.9,513.8943
826,2023-04-07,14.8445,49.97,741.8312
827,2023-04-08,13.4018,49.25,660.0014
828,2023-04-09,14.8549,49.98,742.4292
829,2023-04-10,12.5449,48.82,612.39
830,2023-04-11,10.0087,47.54,475.8011
831,2023-04-12,9.9478,47.51,472.6039
832,2023-04-13,10.3158,47.69,491.9988
833,2023-04-14,11.4974,48.29,555.1909
834,2023-04-15,13.9968,49.55,693.4948
835,2023-04-16,11.9427,48.51,579.3703
836,2023-04-17,11.6388,48.36,562.8482
837,2023-04-18,9.3604,47.21,441.9275
838,2023-04-19,9.91,47.49,470.6156
839,2023-04-20,11.1676,48.12,537.4132
840,2023-04-21,10.8147,47.94,518.5059
841,2023-04-22,11.1237,48.1,535.0502
842,2023-04-23,10.4866,47.78,501.0471
843,2023-04-24,7.0819,46.07,326.2283
844,2023-04-25,9.2657,47.16,437.0146
845,2023-04-26,5.5709,45.3,252.3879
846,2023-04-27,5.5425,45.29,251.0223
847,2023-04-28,9.1344,47.1,430.2201
848,2023-04-29,11.4359,48.26,551.8649
849,2023-04-30,11.7626,48.42,569.5694
850,2023-05-01,8.981,47.02,422.2993
851,2023-05-02,7.1448,46.1,329.3531
852,2023-05-03,6.8615,45.95,315.3149
853,2023-05-04,8.7398,46.9,409.8983
854,2023-05-05,11.3201,48.2,545.6206
855,2023-05-06,10.9916,48.03,527.9681
856,2023-05-07,8.9244,46.99,419.383
857,2023-05-08,6.6776,45.86,306.2465
858,2023-05-09,6.0559,45.55,275.8415
859,2023-05-10,7.1484,46.1,329.5324
860,2023-05-11,4.9576,45.0,223.0736
861,2023-05-12,7.5119,46.28,347.6666
862,2023-05-13,8.5553,46.81,400.4504
863,2023-05-14,9.4592,47.26,447.0639
864,2023-05-15,7.232,46.14,333.6923
865,2023-05-16,10.8294,47.95,519.2918
866,2023-05-17,7.7226,46.39,358.2372
867,2023-05-18,8.0598,46.56,375.248
868,2023-05-19,12.2871,48.69,598.2101
869,2023-05-20,10.279,47.67,490.0506
870,2023-05-21,9.882,47.48,469.149
871,2023-05-22,7.711,46.38,357.6548
872,2023-05-23,8.0935,46.57,376.9517
873,2023-05-24,7.2611,46.16,335.1408
874,2023-05-25,7.3869,46.22,341.4133
875,2023-05-26,9.7145,47.39,460.3795
876,2023-05-27,13.238,49.16,650.8435
877,2023-05-28,8.3359,46.7,389.2589
878,2023-05-29,5.8732,45.46,266.9786
879,2023-05-30,8.4587,46.76,395.5163
880,2023-05-31,6.6415,45.84,304.4713
881,2023-06-01,8.1118,46.58,377.8801
882,2023-06-02,10.1781,47.62,484.725
883,2023-06-03,9.8068,47.44,465.2071
884,2023-06-04,11.6314,48.36,562.449
885,2023-06-05,7.5827,46.32,351.213
886,2023-06-06,7.8991,46.48,367.1252
887,2023-06-07,8.4251,46.74,393.8027
888,2023-06-08,10.9585,48.02,526.1957
889,2023-06-09,11.962,48.52,580.4256
890,2023-06-10,11.1677,48.12,537.4153
891,2023-06-11,9.6974,47.38,459.4857
892,2023-06-12,8.532,46.8,399.2587
893,2023-06-13,7.0409,46.04,324.1956
894,2023-06-14,7.287,46.17,336.4292
895,2023-06-15,7.1114,46.08,327.6961
896,2023-06-16,11.7605,48.42,569.4527
897,2023-06-17,11.8585,48.47,574.7817
898,2023-06-18,10.7184,47.9,513.3724
899,2023-06-19,8.7494,46.9,410.3904
900,2023-06-20,7.6807,46.37,356.1294
901,2023-06-21,8.0735,46.56,375.9419
902,2023-06-22,6.6686,45.86,305.8025
903,2023-06-23,9.816,47.44,465.6887
904,2023-06-24,9.4397,47.25,446.0497
905,2023-06-25,9.5845,47.33,453.5875
906,2023-06-26,9.2506,47.16,436.2353
907,2023-06-27,10.1816,47.63,484.9084
908,2023-06-28,5.6326,45.34,255.3595
909,2023-06-29,8.9605,47.01,421.2449
910,2023-06-30,10.2981,47.68,491.0613
911,2023-07-01,11.1783,48.13,537.9887
912,2023-07-02,11.1996,48.14,539.1311
913,2023-07-03,8.907,46.98,418.4867
914,2023-07-04,6.3578,45.7,290.5548
915,2023-07-05,7.1322,46.09,328.7301
916,2023-07-06,10.363,47.72,494.4945
917,2023-07-07,12.5224,48.8,611.1462
918,2023-07-08,14.7313,49.92,735.3335
919,2023-07-09,11.4843,48.28,554.4834
920,2023-07-10,9.9129,47.49,470.7707
921,2023-07-11,10.8223,47.95,518.9148
922,2023-07-12,10.7485,47.91,514.9755
923,2023-07-13,12.3673,48.73,602.6123
924,2023-07-14,15.2864,50.2,767.3182
925,2023-07-15,17.3557,51.24,889.2647
926,2023-07-16,15.0447,50.07,753.3505
927,2023-07-17,14.536,49.82,724.1569
928,2023-07-18,10.9414,48.01,525.2785
929,2023-07-19,13.0196,49.05,638.6748
930,2023-07-20,14.7725,49.94,737.696
931,2023-07-21,17.1934,51.16,879.5471
932,2023-07-22,17.33,51.22,887.7267
933,2023-07-23,20.0412,52.59,1053.9643
934,2023-07-24,15.1062,50.11,756.9013
935,2023-07-25,14.6645,49.88,731.5073
936,2023-07-26,15.1271,50.12,758.106
937,2023-07-27,16.5132,50.81,839.0972
938,2023-07-28,17.6721,51.4,908.2938
939,2023-07-29,21.2194,53.18,1128.5122
940,2023-07-30,22.0966,53.62,1184.923
941,2023-07-31,16.1942,50.65,820.2827
942,2023-08-01,14.7874,49.94,738.5526
943,2023-08-02,13.7431,49.42,679.171
944,2023-08-03,16.2406,50.68,823.0138
945,2023-08-04,17.7459,51.43,912.7444
946,2023-08-05,18.8236,51.98,978.3875
947,2023-08-06,19.445,52.29,1016.7719
948,2023-08-07,13.1621,49.13,646.607
949,2023-08-08,13.2188,49.16,649.7729
950,2023-08-09,12.0342,48.56,584.3656
951,2023-08-10,11.77,48.43,569.9674
952,2023-08-11,14.7613,49.93,737.0549
953,2023-08-12,14.9849,50.04,749.9072
954,2023-08-13,14.3864,49.74,715.6214
955,2023-08-14,12.9862,49.04,636.8158
956,2023-08-15,12.0909,48.59,587.4632
957,2023-08-16,11.9815,48.53,581.4858
958,2023-08-17,14.4527,49.78,719.4035
959,2023-08-18,13.3653,49.23,657.9569
960,2023-08-19,15.2066,50.16,762.7019
961,2023-08-20,14.2706,49.68,709.026
962,2023-08-21,9.462,47.26,447.2101
963,2023-08-22,8.0998,46.58,377.2719
964,2023-08-23,8.581,46.82,401.7621
965,2023-08-24,9.1272,47.1,429.845
966,2023-08-25,10.1681,47.62,484.1964
967,2023-08-26,13.3669,49.23,658.0488
968,2023-08-27,13.5417,49.32,667.8431
969,2023-08-28,8.0731,46.56,375.9168
970,2023-08-29,6.5278,45.79,298.883
971,2023-08-30,6.6796,45.86,306.3438
972,2023-08-31,7.9801,46.52,371.2165
973,2023-09-01,12.9255,49.01,633.4469
974,2023-09-02,9.4812,47.27,448.2065
975,2023-09-03,9.3175,47.19,439.6995
976,2023-09-04,9.7287,47.4,461.121
977,2023-09-05,6.5194,45.78,298.4735
978,2023-09-06,8.4654,46.76,395.8569
979,2023-09-07,12.4858,48.79,609.1321
980,2023-09-08,10.0883,47.58,479.9894
981,2023-09-09,11.502,48.29,555.4419
982,2023-09-10,10.5825,47.83,506.1366
983,2023-09-11,8.262,46.66,385.4994
984,2023-09-12,6.3022,45.67,287.8397
985,2023-09-13,6.7461,45.9,309.6206
986,2023-09-14,8.7462,46.9,410.2262
987,2023-09-15,10.328,47.7,492.6405
988,2023-09-16,8.6154,46.84,403.5256
989,2023-09-17,7.7336,46.39,358.7885
990,2023-09-18,7.1441,46.1,329.3178
991,2023-09-19,8.8994,46.98,418.0959
992,2023-09-20,7.1355,46.09,328.8937
993,2023-09-21,9.0123,47.04,423.9144
994,2023-09-22,11.0809,48.08,532.7572
995,2023-09-23,9.9721,47.52,473.8778
996,2023-09-24,11.1664,48.12,537.3449
997,2023-09-25,9.011,47.04,423.8452
998,2023-09-26,7.0845,46.07,326.358
999,2023-09-27,7.2321,46.14,333.6946
1000,2023-09-28,10.5937,47.83,506.7356
1001,2023-09-29,8.696,46.88,407.6523
1002,2023-09-30,9.0292,47.05,424.7857
1003,2023-10-01,9.8255,47.45,466.188
1004,2023-10-02,8.9441,47.0,420.398
1005,2023-10-03,9.0229,47.04,424.4626
1006,2023-10-04,8.2007,46.63,382.3896
1007,2023-10-05,7.0209,46.03,323.2065
1008,2023-10-06,9.5899,47.33,453.8722
1009,2023-10-07,10.04,47.55,477.4466
1010,2023-10-08,10.2484,47.66,488.4325
1011,2023-10-09,6.98,46.01,321.1772
1012,2023-10-10,8.4454,46.75,394.8377
1013,2023-10-11,6.6081,45.83,302.8288
1014,2023-10-12,10.4311,47.75,498.0999
1015,2023-10-13,11.5906,48.34,560.2353
1016,2023-10-14,11.0045,48.04,528.6587
1017,2023-10-15,9.4339,47.25,445.7489
1018,2023-10-16,11.8543,48.47,574.5545
1019,2023-10-17,8.1731,46.61,380.9855
1020,2023-10-18,8.5139,46.79,398.3339
1021,2023-10-19,9.4349,47.25,445.799
1022,2023-10-20,11.0267,48.05,529.8477
1023,2023-10-21,10.6486,47.86,509.6522
1024,2023-10-22,9.6112,47.34,454.9801
1025,2023-10-23,9.1821,47.12,432.6867
1026,2023-10-24,6.4722,45.76,296.1556
1027,2023-10-25,7.7649,46.41,360.3648
1028,2023-10-26,7.8825,46.47,366.2858
1029,2023-10-27,11.3802,48.23,548.8601
1030,2023-10-28,10.5839,47.83,506.2122
1031,2023-10-29,7.7575,46.41,359.9924
1032,2023-10-30,6.7912,45.92,311.8467
1033,2023-10-31,5.6085,45.32,254.1954
1034,2023-11-01,6.4402,45.74,294.592
1035,2023-11-02,6.7144,45.88,308.0573
1036,2023-11-03,11.0296,48.05,530.0033
1037,2023-11-04,10.5532,47.81,504.5827
1038,2023-11-05,11.3409,48.21,546.739
1039,2023-11-06,8.0403,46.55,374.2588
1040,2023-11-07,7.9332,46.49,368.8486
1041,2023-11-08,8.5903,46.82,402.2394
1042,2023-11-09,8.0804,46.57,376.29
1043,2023-11-10,9.6156,47.34,455.2121
1044,2023-11-11,10.4692,47.77,500.1223
1045,2023-11-12,8.8233,46.94,414.1841
1046,2023-11-13,9.5073,47.29,449.5663
1047,2023-11-14,5.7148,45.38,259.3198
1048,2023-11-15,7.2739,46.16,335.7785
1049,2023-11-16,9.0092,47.04,423.7559
1050,2023-11-17,11.7982,48.44,571.5019
1051,2023-11-18,10.02,47.54,476.3976
1052,2023-11-19,12.7551,48.92,624.001
1053,2023-11-20,7.1253,46.09,328.3879
1054,2023-11-21,7.4541,46.25,344.7732
1055,2023-11-22,8.0458,46.55,374.5367
1056,2023-11-23,9.8735,47.47,468.7049
1057,2023-11-24,8.9829,47.02,422.3973
1058,2023-11-25,12.5355,48.81,611.8692
1059,2023-11-26,12.0345,48.56,584.3786
1060,2023-11-27,9.5836,47.32,453.5411
1061,2023-11-28,9.4501,47.26,446.5872
1062,2023-11-29,5.7828,45.41,262.6029
1063,2023-11-30,10.3353,47.7,493.0268
1064,2023-12-01,11.5861,48.33,559.9896
1065,2023-12-02,14.1914,49.64,704.5287
1066,2023-12-03,9.5821,47.32,453.4646
1067,2023-12-04,7.2917,46.17,336.6633
1068,2023-12-05,7.7808,46.42,361.1629
1069,2023-12-06,9.1753,47.12,432.3324
1070,2023-12-07,7.9165,46.49,368.0041
1071,2023-12-08,10.8463,47.96,520.1974
1072,2023-12-09,11.1763,48.13,537.8801
1073,2023-12-10,11.9389,48.51,579.1652
1074,2023-12-11,9.7594,47.41,462.7262
1075,2023-12-12,9.252,47.16,436.3055
1076,2023-12-13,6.4078,45.73,293.0032
1077,2023-12-14,7.5694,46.31,350.5465
1078,2023-12-15,10.0566,47.56,478.3248
1079,2023-12-16,8.7788,46.92,411.9004
1080,2023-12-17,8.5592,46.81,400.6491
1081,2023-12-18,5.384,45.21,243.4119
1082,2023-12-19,7.4366,46.24,343.8991
1083,2023-12-20,7.9585,46.51,370.124
1084,2023-12-21,6.1139,45.58,278.6614
1085,2023-12-22,13.4612,49.28,663.3281
1086,2023-12-23,12.4917,48.79,609.4547
1087,2023-12-24,10.4302,47.75,498.0515
1088,2023-12-25,10.7464,47.91,514.8611
1089,2023-12-26,7.3548,46.2,339.8099
1090,2023-12-27,5.4666,45.25,247.3764
1091,2023-12-28,7.0848,46.07,326.3755
1092,2023-12-29,11.4439,48.26,552.3012
1093,2023-12-30,9.9658,47.52,473.5472
1094,2023-12-31,10.1673,47.62,484.1517
